travelCode,User_ID,flightType,Flight_agency,Departure_date,Departure,Arrival,Flight Distance (km),Flight Duration (hh:mm),Departure Time,Arrival Time,Calculated_Flight_Price,flight_number
503,4,firstClass,Air India,2021-03-25 00:00:00,Itanagar,Surat,2204.62,02:26,00:56,03:22,12220.6,AI2544
590,4,economic,SpiceJet,2021-04-02 00:00:00,Surat,Itanagar,2204.62,02:26,04:18,06:44,7562.36,SG5951
1479,13,economic,IndiGo,2020-09-07 00:00:00,Bengaluru,Visakhapatnam,797.17,00:53,01:41,02:34,3110.76,6E406
1507,13,economic,SpiceJet,2020-09-15 00:00:00,Visakhapatnam,Bengaluru,797.17,00:53,08:07,09:00,3330.76,SG2322V
1666,15,firstClass,Air India,2019-11-28 00:00:00,Chandigarh,Navi Mumbai,1355.13,01:30,11:12,12:42,7763.15,AI4743
1792,15,economic,Air India,2019-12-09 00:00:00,Navi Mumbai,Chandigarh,1355.13,01:30,02:29,03:59,4917.89,AI5780
2069,18,premium,Akasa Air,2021-01-28 00:00:00,Kota,Visakhapatnam,3406.67,03:47,03:42,07:29,13476.91,QP4962S
2072,18,premium,Air India,2021-01-31 00:00:00,Visakhapatnam,Kota,3406.67,03:47,12:54,16:41,13526.91,AI2105
2383,21,economic,IndiGo,2021-06-17 00:00:00,Shillong,Diu,2201.44,02:26,16:15,18:41,7532.82,6E3112
2448,21,economic,Air India,2021-07-01 00:00:00,Diu,Shillong,2201.44,02:26,05:21,07:47,7582.82,AI5180
2691,23,firstClass,GoAir,2020-12-11 00:00:00,Bilaspur,Dabolim,1149.76,01:16,20:13,21:29,6843.8,G85581
2761,23,economic,SpiceJet,2020-12-18 00:00:00,Dabolim,Bilaspur,1149.76,01:16,01:07,02:23,4240.28,SG1819K
3392,34,firstClass,GoAir,05/07/2020,Ayodhya,Khowai,991.41,01:06,01:34,02:40,5814.55,G84188Q
3441,34,premium,Air India,15/04/2021,Mysuru,Bhopal,1221.01,01:21,19:40,21:01,5464.34,AI4097
3442,34,premium,Air India,2020-07-12 00:00:00,Khowai,Ayodhya,991.41,01:06,23:29,00:35,4397.28,AI1199
3498,34,firstClass,Air India,2021-05-22 00:00:00,Bhopal,Mysuru,1221.01,01:21,07:30,08:51,7258.8,AI2791Y
3787,39,economic,IndiGo,2020-09-04 00:00:00,Kota,Mopa,5169.94,05:44,20:11,01:55,17083.82,6E4939F
3853,39,firstClass,AirAsia India,2020-09-13 00:00:00,Mopa,Kota,5169.94,05:44,02:42,08:26,27739.7,I51651V
4108,41,firstClass,IndiGo,2020-12-03 00:00:00,Bilaspur,Hisar,6022.62,06:41,05:25,12:06,32216.85,6E595
4194,41,economic,Akasa Air,2020-12-13 00:00:00,Hisar,Bilaspur,6022.62,06:41,10:36,17:17,19570.11,QP5577
4381,44,economic,SpiceJet,2020-06-18 00:00:00,Hisar,Khowai,6682.72,07:25,19:16,02:41,21869.41,SG1949
4385,44,firstClass,GoAir,2020-06-29 00:00:00,Khowai,Hisar,6682.72,07:25,03:12,10:37,35692.35,G83269K
5206,52,economic,IndiGo,2020-11-19 00:00:00,Bhopal,Puri,951.91,01:03,10:51,11:54,3597.48,6E4583I
5268,52,premium,Akasa Air,2020-11-25 00:00:00,Puri,Bhopal,951.91,01:03,06:25,07:28,4396.98,QP2970
5372,54,premium,Air India,2020-02-13 00:00:00,Bhubaneswar,Puri,52.73,00:03,08:59,09:02,1047.93,AI3795
5404,54,premium,Air India,2020-02-20 00:00:00,Puri,Bhubaneswar,52.73,00:03,17:24,17:27,847.93,AI5522K
5472,55,firstClass,SpiceJet,2020-02-20 00:00:00,Puducherry,Delhi NCR,1881.72,02:05,22:09,00:14,10497.35,SG4438N
5511,55,firstClass,IndiGo,2020-03-02 00:00:00,Delhi NCR,Puducherry,1881.72,02:05,07:38,09:43,10677.35,6E2751X
5587,56,firstClass,GoAir,2019-12-19 00:00:00,Hisar,Navi Mumbai,5467.58,06:04,17:55,23:59,29312.9,G85703
5670,56,premium,IndiGo,2019-12-30 00:00:00,Navi Mumbai,Hisar,5467.58,06:04,20:30,02:34,21466.09,6E949
6288,62,premium,SpiceJet,2021-01-14 00:00:00,Chennai,Kota,3333.78,03:42,12:21,16:03,13221.01,SG5334W
6292,62,firstClass,GoAir,2021-01-17 00:00:00,Kota,Chennai,3333.78,03:42,10:18,14:00,18111.4,G83186
6385,63,firstClass,SpiceJet,11/07/2019,Thiruvananthapuram,Vijayawada,977.99,01:05,21:57,23:02,5953.7,SG3854
6399,63,premium,Air India,13/02/2020,Coimbatore,Nashik,1055.99,01:10,03:59,05:09,4640.56,AI4632J
6422,63,economic,Akasa Air,2019-07-23 00:00:00,Vijayawada,Thiruvananthapuram,977.99,01:05,21:51,22:56,3880.22,QP4470
6502,63,firstClass,GoAir,2020-03-18 00:00:00,Nashik,Coimbatore,1055.99,01:10,00:42,01:52,6152.45,G85208K
6765,65,economic,Air India,2020-10-12 00:00:00,Navi Mumbai,Ahmedabad,445.78,00:29,05:00,05:29,2052.59,AI4904
6782,65,firstClass,SpiceJet,2020-10-18 00:00:00,Ahmedabad,Navi Mumbai,445.78,00:29,19:04,19:33,3157.65,SG3954
7793,75,premium,Akasa Air,2020-07-23 00:00:00,Delhi NCR,Ayodhya,545.38,00:36,01:54,02:30,2660.57,QP4512
7858,75,firstClass,SpiceJet,2020-07-31 00:00:00,Ayodhya,Delhi NCR,545.38,00:36,06:52,07:28,3681.9,SG2666B
8834,90,economic,Akasa Air,2019-10-24 00:00:00,Puducherry,Ahmedabad,1452.17,01:36,08:46,10:22,5372.51,QP585
8913,90,firstClass,GoAir,2019-11-03 00:00:00,Ahmedabad,Puducherry,1452.17,01:36,02:36,04:12,8230.85,G81234
9126,93,economic,Akasa Air,11/07/2019,Ludhiana,Dabolim,1739.21,01:55,04:33,06:28,6076.38,QP3574G
9137,93,premium,IndiGo,23/01/2020,Hyderabad,Bilaspur,649.95,00:43,13:22,14:05,3055.92,6E3727
9148,93,economic,Akasa Air,04/09/2020,Guwahati,Puducherry,2016.86,02:14,14:32,16:46,6952.08,QP5394H
9175,93,economic,IndiGo,2019-07-15 00:00:00,Dabolim,Ludhiana,1739.21,01:55,19:29,21:24,6276.38,6E2039
9218,93,firstClass,AirAsia India,2020-09-08 00:00:00,Puducherry,Guwahati,2016.86,02:14,14:39,16:53,11186.8,I54166
9231,93,economic,Akasa Air,2020-01-30 00:00:00,Bilaspur,Hyderabad,649.95,00:43,04:22,05:05,2646.6,QP1002A
9713,96,firstClass,AirAsia India,2021-02-09 00:00:00,Itanagar,Coimbatore,2495.63,02:46,11:39,14:25,13700.65,I52037
9724,96,firstClass,IndiGo,2021-02-18 00:00:00,Coimbatore,Itanagar,2495.63,02:46,21:58,00:44,13900.65,6E1367
10472,105,firstClass,Akasa Air,2022-11-08 00:00:00,Coimbatore,Pune,899.88,00:59,02:41,03:40,5320.65,QP5456
10477,105,firstClass,SpiceJet,2022-11-18 00:00:00,Pune,Coimbatore,899.88,00:59,03:53,04:52,5340.65,SG3154O
11868,116,economic,IndiGo,2020-01-23 00:00:00,Guwahati,Visakhapatnam,1291.75,01:26,17:44,19:10,4668.75,6E2781
11947,116,economic,SpiceJet,2020-01-30 00:00:00,Visakhapatnam,Guwahati,1291.75,01:26,00:39,02:05,4688.75,SG2192
11992,117,premium,IndiGo,2020-07-23 00:00:00,Prayagraj,Kolkata,735.59,00:49,10:11,11:00,3380.42,6E1216
12021,117,firstClass,IndiGo,2020-08-03 00:00:00,Kolkata,Prayagraj,735.59,00:49,17:45,18:34,4461.7,6E2547G
12377,120,economic,Akasa Air,2020-02-04 00:00:00,Amritsar,Bengaluru,2092.35,02:19,00:24,02:43,7189.8,QP1690
12449,120,firstClass,SpiceJet,2020-02-12 00:00:00,Bengaluru,Amritsar,2092.35,02:19,15:59,18:18,11603.0,SG2801
13120,129,economic,Air India,2020-07-05 00:00:00,Vadodara,Bhubaneswar,1326.97,01:28,10:47,12:15,4828.91,AI3866
13122,129,firstClass,Akasa Air,2020-07-15 00:00:00,Bhubaneswar,Vadodara,1326.97,01:28,14:13,15:41,7564.85,QP121
13381,132,firstClass,Akasa Air,10/10/2019,Bengaluru,Dehradun,1930.04,02:08,00:05,02:13,10730.2,QP2364
13385,132,firstClass,IndiGo,11/07/2019,Visakhapatnam,Ahmedabad,1255.45,01:23,22:30,23:53,7188.5,6E5484
13400,132,firstClass,Akasa Air,2019-10-20 00:00:00,Dehradun,Bengaluru,1930.04,02:08,15:49,17:57,10730.2,QP3424
13411,132,firstClass,AirAsia India,2019-07-25 00:00:00,Ahmedabad,Visakhapatnam,1255.45,01:23,00:04,01:27,7188.5,I52872
13636,134,economic,SpiceJet,2021-03-25 00:00:00,Ahmedabad,Raipur,952.67,01:03,02:01,03:04,3619.76,SG3752
13675,134,firstClass,IndiGo,2021-04-06 00:00:00,Raipur,Ahmedabad,952.67,01:03,03:59,05:02,5599.6,6E1108
13808,137,premium,Akasa Air,2020-09-01 00:00:00,Bengaluru,Srinagar,2364.58,02:37,13:18,15:55,9536.39,QP2213
13815,137,economic,IndiGo,2020-09-14 00:00:00,Srinagar,Bengaluru,2364.58,02:37,17:12,19:49,8046.99,6E2473
13919,138,premium,Akasa Air,2019-12-19 00:00:00,Ayodhya,Shimla,685.0,00:45,10:35,11:20,3187.5,QP5263D
13934,138,firstClass,Air India,2019-12-22 00:00:00,Shimla,Ayodhya,685.0,00:45,19:58,20:43,4443.75,AI4128
14549,146,economic,Akasa Air,16/01/2020,Pune,Kullu-Manali,1521.61,01:41,06:18,07:59,5592.08,QP3502
14617,146,economic,IndiGo,2020-01-28 00:00:00,Kullu-Manali,Pune,1521.61,01:41,00:11,01:52,5392.08,6E5511
14661,146,firstClass,IndiGo,03/10/2022,Thiruvananthapuram,Nashik,1324.36,01:28,07:01,08:29,7751.8,6E2854
14717,146,economic,Akasa Air,2022-10-05 00:00:00,Nashik,Thiruvananthapuram,1324.36,01:28,00:49,02:17,4771.08,QP4521
15005,149,firstClass,Akasa Air,04/01/2021,Gangtok,Bengaluru,1964.74,02:10,20:36,22:46,11111.2,QP1193
15017,149,firstClass,GoAir,24/06/2021,Jaipur,Patna,943.53,01:02,08:15,09:17,5760.15,G81057
15035,149,economic,Akasa Air,2021-01-18 00:00:00,Bengaluru,Gangtok,1964.74,02:10,08:08,10:18,6986.72,QP3038
15037,149,firstClass,Air India,2021-07-01 00:00:00,Patna,Jaipur,943.53,01:02,06:06,07:08,5800.15,AI2055
15489,155,firstClass,AirAsia India,31/10/2019,Ahmedabad,Pune,518.11,00:34,04:45,05:19,3318.05,I54911
15520,155,premium,SpiceJet,06/04/2020,Kolkata,Shillong,489.31,00:32,05:04,05:36,2467.92,SG5166
15529,155,economic,Air India,2019-11-08 00:00:00,Pune,Ahmedabad,518.11,00:34,02:59,03:33,2280.83,AI1539
15582,155,firstClass,Akasa Air,2020-04-08 00:00:00,Shillong,Kolkata,489.31,00:32,08:10,08:42,3366.55,QP4354T
15809,157,premium,Air India,2020-01-23 00:00:00,Hisar,Vijayawada,6273.48,06:58,15:03,22:01,24363.13,AI5573
15831,157,economic,Air India,2020-02-03 00:00:00,Vijayawada,Hisar,6273.48,06:58,03:08,10:06,20410.94,AI1243H
16006,158,premium,SpiceJet,2021-04-02 00:00:00,Vadodara,Chennai,1268.27,01:24,02:18,03:42,5412.57,SG535
16077,158,premium,SpiceJet,2021-04-09 00:00:00,Chennai,Vadodara,1268.27,01:24,22:07,23:31,5412.57,SG2183
16808,168,firstClass,AirAsia India,2021-02-18 00:00:00,Bengaluru,Dhubri,1944.48,02:09,03:11,05:20,10806.15,I51652
16851,168,firstClass,Air India,2021-02-28 00:00:00,Dhubri,Bengaluru,1944.48,02:09,12:06,14:15,10856.15,AI5269
17150,171,premium,IndiGo,2019-12-12 00:00:00,Kullu-Manali,Imphal,1818.49,02:01,07:49,09:50,7673.26,6E2406
17175,171,premium,Akasa Air,2019-12-17 00:00:00,Imphal,Kullu-Manali,1818.49,02:01,05:10,07:11,7473.26,QP881
17324,174,premium,IndiGo,2019-12-26 00:00:00,Chandigarh,Gangtok,1209.73,01:20,13:03,14:23,5171.03,6E360
17343,174,premium,SpiceJet,2019-12-29 00:00:00,Gangtok,Chandigarh,1209.73,01:20,15:07,16:27,5191.03,SG2069E
18141,180,firstClass,Air India,10/03/2019,Dehradun,Patna,873.23,00:58,12:47,13:45,5233.65,AI1273V
18202,180,firstClass,GoAir,2020-05-12 00:00:00,Mopa,Bilaspur,8261.64,09:10,08:22,17:32,44180.7,G85568I
18203,180,premium,Air India,2020-05-19 00:00:00,Bilaspur,Mopa,8261.64,09:10,09:32,18:42,32076.9,AI3620
18265,180,firstClass,GoAir,2019-03-17 00:00:00,Patna,Dehradun,873.23,00:58,05:39,06:37,5193.65,G83070H
18380,182,premium,SpiceJet,21/11/2019,Ahmedabad,Prayagraj,976.02,01:05,21:30,22:35,4509.17,SG2979
18382,182,premium,Air India,2019-11-24 00:00:00,Prayagraj,Ahmedabad,976.02,01:05,18:01,19:06,4539.17,AI1924
18462,182,economic,SpiceJet,17/06/2021,Shimla,Tirupati,1956.06,02:10,11:26,13:36,6780.68,SG4821
18475,182,economic,Air India,2021-06-26 00:00:00,Tirupati,Shimla,1956.06,02:10,07:35,09:45,7010.68,AI867
18556,183,premium,Air India,2021-01-21 00:00:00,Mopa,Raigarh,8390.44,09:19,08:02,17:21,32564.88,AI1525
18648,183,premium,Air India,2021-01-27 00:00:00,Raigarh,Mopa,8390.44,09:19,20:32,05:51,32564.88,AI326
19100,187,economic,Akasa Air,2021-05-13 00:00:00,Jamshedpur,Bilaspur,421.89,00:28,18:42,19:10,2128.67,QP2100
19156,187,firstClass,SpiceJet,2021-05-20 00:00:00,Bilaspur,Jamshedpur,421.89,00:28,14:09,14:37,2834.45,SG1162
21681,212,premium,SpiceJet,2020-08-20 00:00:00,Dehradun,Gangtok,1082.57,01:12,10:59,12:11,4711.65,SG3580
21703,212,economic,Akasa Air,2020-08-23 00:00:00,Gangtok,Dehradun,1082.57,01:12,22:00,23:12,4009.71,QP1830
22000,216,firstClass,GoAir,2020-02-01 00:00:00,Coimbatore,Mopa,7784.51,08:38,01:02,09:40,41475.05,G82717H
22073,216,firstClass,Air India,2020-02-13 00:00:00,Mopa,Coimbatore,7784.51,08:38,14:17,22:55,41515.05,AI2024
22753,222,premium,Akasa Air,2021-02-12 00:00:00,Thiruvananthapuram,Vijayawada,977.99,01:05,14:21,15:26,4296.26,QP355
22759,222,firstClass,Akasa Air,2021-02-20 00:00:00,Vijayawada,Thiruvananthapuram,977.99,01:05,04:58,06:03,5733.7,QP4470
23364,229,premium,SpiceJet,2020-01-10 00:00:00,Gwalior,Dehradun,455.5,00:30,05:38,06:08,2340.8,SG2949
23376,229,firstClass,Akasa Air,2020-01-17 00:00:00,Dehradun,Gwalior,455.5,00:30,00:34,01:04,2990.0,QP2919
24762,241,premium,IndiGo,2021-11-02 00:00:00,Itanagar,Mumbai,2295.82,02:33,12:38,15:11,9278.05,6E4549
24803,241,firstClass,AirAsia India,25/11/2021,Diu,Prayagraj,1228.59,01:21,16:08,17:29,7046.7,I51105
24842,241,firstClass,Akasa Air,2021-11-29 00:00:00,Prayagraj,Diu,1228.59,01:21,12:49,14:10,7046.7,QP5964F
24886,241,firstClass,GoAir,2021-11-19 00:00:00,Mumbai,Itanagar,2295.82,02:33,00:32,03:05,12662.85,G8614
25199,243,premium,IndiGo,2022-06-30 00:00:00,Mopa,Chandigarh,7727.09,08:35,02:25,11:00,29808.02,6E4536
25213,243,premium,IndiGo,2022-07-03 00:00:00,Chandigarh,Mopa,7727.09,08:35,01:47,10:22,29808.02,6E3205
25363,245,economic,IndiGo,2020-02-04 00:00:00,Bhubaneswar,Puducherry,1127.04,01:15,01:26,02:41,4149.87,6E5972K
25436,245,economic,IndiGo,2020-02-08 00:00:00,Puducherry,Bhubaneswar,1127.04,01:15,02:57,04:12,4149.87,6E3857
25976,250,premium,IndiGo,2020-04-16 00:00:00,Vadodara,Udaipur,259.41,00:17,13:20,13:37,1579.78,6E4750
25984,250,economic,SpiceJet,2020-04-22 00:00:00,Udaipur,Vadodara,259.41,00:17,01:32,01:49,1436.48,SG4660
26193,251,premium,IndiGo,2021-06-05 00:00:00,Ludhiana,Udaipur,734.24,00:48,13:43,14:31,3372.86,6E4470
26242,251,firstClass,SpiceJet,2021-06-17 00:00:00,Udaipur,Ludhiana,734.24,00:48,19:46,20:34,4671.2,SG4250B
26701,258,firstClass,Akasa Air,2019-09-26 00:00:00,Bhubaneswar,Ranchi,345.72,00:23,06:18,06:41,2614.85,QP1450
26787,258,firstClass,Akasa Air,2019-10-06 00:00:00,Ranchi,Bhubaneswar,345.72,00:23,01:21,01:44,2414.85,QP312
27159,261,premium,SpiceJet,2020-10-12 00:00:00,Itanagar,Ayodhya,1130.61,01:15,19:17,20:32,5092.7,SG4215
27205,261,firstClass,Akasa Air,2020-10-24 00:00:00,Ayodhya,Itanagar,1130.61,01:15,23:46,01:01,6534.3,QP1006
27557,264,firstClass,Air India,2021-09-23 00:00:00,Gwalior,Kolkata,1109.04,01:13,12:40,13:53,6468.95,AI1112
27631,264,premium,Akasa Air,2021-10-04 00:00:00,Kolkata,Gwalior,1109.04,01:13,14:55,16:08,4789.64,QP429
28039,268,economic,IndiGo,2020-02-04 00:00:00,Amritsar,Ahmedabad,982.17,01:05,14:58,16:03,3692.76,6E2170
28139,268,firstClass,GoAir,2020-02-12 00:00:00,Ahmedabad,Amritsar,982.17,01:05,10:05,11:10,5764.6,G8341
28674,274,firstClass,IndiGo,2020-01-10 00:00:00,Vijayawada,Itanagar,1779.49,01:58,16:31,18:29,9939.95,6E5883
28692,274,firstClass,SpiceJet,2020-01-18 00:00:00,Itanagar,Vijayawada,1779.49,01:58,12:40,14:38,9959.95,SG4727
29674,284,firstClass,Air India,12/05/2019,Vadodara,Srinagar,1319.83,01:27,19:52,21:19,7775.4,AI2097
29724,284,economic,IndiGo,2019-05-19 00:00:00,Srinagar,Vadodara,1319.83,01:27,17:07,18:34,4755.24,6E513
29782,284,economic,Air India,30/12/2021,Puducherry,Hisar,6534.35,07:15,20:10,03:25,21431.8,AI3014
29794,284,premium,IndiGo,2022-01-04 00:00:00,Hisar,Puducherry,6534.35,07:15,12:44,19:59,25298.16,6E365
29887,285,firstClass,GoAir,2020-11-06 00:00:00,Pune,Mysuru,753.37,00:50,19:09,19:59,4764.35,G82521
29917,285,firstClass,GoAir,2020-11-11 00:00:00,Mysuru,Pune,753.37,00:50,11:48,12:38,4564.35,G85639
29992,287,premium,SpiceJet,27/02/2020,Chandigarh,Chennai,1994.79,02:12,18:25,20:37,8357.64,SG1531
30039,287,premium,SpiceJet,2020-03-11 00:00:00,Chennai,Chandigarh,1994.79,02:12,04:41,06:53,8157.64,SG2028
30080,287,firstClass,IndiGo,11/04/2021,Khowai,Imphal,251.02,00:16,17:43,17:59,1915.1,6E5820
30097,287,premium,SpiceJet,2021-04-23 00:00:00,Imphal,Khowai,251.02,00:16,05:06,05:22,1566.87,SG3057
30438,290,firstClass,IndiGo,2020-02-27 00:00:00,Thiruvananthapuram,Tirupati,632.91,00:42,17:45,18:27,3922.05,6E2602W
30530,290,firstClass,IndiGo,2020-03-08 00:00:00,Tirupati,Thiruvananthapuram,632.91,00:42,01:51,02:33,3922.05,6E2520
30977,296,economic,Akasa Air,2019-12-12 00:00:00,Kolkata,Gangtok,530.23,00:35,10:37,11:12,2269.44,QP905R
31079,296,firstClass,Air India,2019-12-23 00:00:00,Gangtok,Kolkata,530.23,00:35,23:04,23:39,3432.4,AI1655Y
31821,306,firstClass,Air India,2020-06-02 00:00:00,Ayodhya,Vadodara,1037.96,01:09,12:14,13:23,6098.55,AI1251
31860,306,economic,Akasa Air,2020-06-12 00:00:00,Vadodara,Ayodhya,1037.96,01:09,16:01,17:10,3869.13,QP1191
32115,308,economic,Air India,2020-07-16 00:00:00,Surat,Itanagar,2204.62,02:26,01:00,03:26,7592.36,AI5531
32216,308,premium,Air India,2020-07-21 00:00:00,Itanagar,Surat,2204.62,02:26,23:07,01:33,8980.83,AI2544
32411,312,firstClass,AirAsia India,2020-04-30 00:00:00,Mumbai,Coimbatore,998.29,01:06,09:27,10:33,6038.95,I53378
32524,312,premium,Air India,2020-05-11 00:00:00,Coimbatore,Mumbai,998.29,01:06,23:07,00:13,4422.04,AI1694
32654,314,firstClass,SpiceJet,10/01/2020,Varanasi,Khowai,879.17,00:58,01:08,02:06,5233.35,SG1579N
32673,314,firstClass,IndiGo,2021-11-02 00:00:00,Diu,Gwalior,955.7,01:03,15:37,16:40,5614.75,6E3871
32697,314,economic,Akasa Air,2021-11-19 00:00:00,Gwalior,Diu,955.7,01:03,14:25,15:28,3608.85,QP4318
32752,314,economic,IndiGo,2020-01-18 00:00:00,Khowai,Varanasi,879.17,00:58,01:45,02:43,3368.01,6E2227
33696,323,economic,Akasa Air,12/02/2021,Indore,Imphal,1856.3,02:03,11:53,13:56,6445.65,QP4958L
33701,323,firstClass,AirAsia India,2022-06-08 00:00:00,Vadodara,Indore,273.65,00:18,14:40,14:58,2035.75,I51710
33713,323,economic,IndiGo,2022-06-01 00:00:00,Indore,Vadodara,273.65,00:18,14:22,14:40,1461.45,6E4820
33723,323,premium,Air India,2021-02-26 00:00:00,Imphal,Indore,1856.3,02:03,17:14,19:17,7664.78,AI5679
34370,329,economic,IndiGo,2019-10-31 00:00:00,Dabolim,Jamshedpur,1537.0,01:42,17:22,19:04,5440.5,6E5841
34467,329,economic,Air India,2019-11-12 00:00:00,Jamshedpur,Dabolim,1537.0,01:42,04:50,06:32,5490.5,AI5741
35080,337,premium,IndiGo,2019-09-26 00:00:00,Raipur,Chandigarh,1161.96,01:17,21:41,22:58,5190.96,6E3058
35098,337,economic,Air India,2019-10-06 00:00:00,Chandigarh,Raipur,1161.96,01:17,04:21,05:38,4309.13,AI760U
36257,346,firstClass,AirAsia India,2020-02-13 00:00:00,Dehradun,Patna,873.23,00:58,20:47,21:45,5383.65,I54329
36302,346,economic,IndiGo,2020-02-21 00:00:00,Patna,Dehradun,873.23,00:58,03:32,04:30,3350.19,6E4445
36435,348,premium,IndiGo,2020-07-05 00:00:00,Udaipur,Dhubri,1642.47,01:49,21:40,23:29,7007.19,6E4060
36517,348,firstClass,Akasa Air,2020-07-13 00:00:00,Dhubri,Udaipur,1642.47,01:49,08:18,10:07,9421.1,QP1892
36733,351,premium,Akasa Air,2019-07-11 00:00:00,Jamshedpur,Patna,328.13,00:21,20:47,21:08,2037.97,QP5034
36824,351,firstClass,IndiGo,2019-07-15 00:00:00,Patna,Jamshedpur,328.13,00:21,04:11,04:32,2319.4,6E1187S
36882,352,premium,Akasa Air,27/02/2020,Chandigarh,Patna,997.7,01:06,03:57,05:03,4369.92,QP1507
36893,352,firstClass,AirAsia India,14/05/2020,Puri,Itanagar,1134.07,01:15,17:46,19:01,6551.6,I54827
36926,352,premium,Air India,2020-05-31 00:00:00,Itanagar,Puri,1134.07,01:15,15:59,17:14,4935.15,AI4747
37022,352,premium,Akasa Air,2020-03-05 00:00:00,Patna,Chandigarh,997.7,01:06,18:38,19:44,4569.92,QP270
37045,353,economic,SpiceJet,2019-11-28 00:00:00,Vijayawada,Bengaluru,512.14,00:34,03:55,04:29,2232.92,SG1224
37066,353,firstClass,IndiGo,2019-12-03 00:00:00,Bengaluru,Vijayawada,512.14,00:34,19:24,19:58,3488.2,6E1510
37570,357,firstClass,SpiceJet,2021-11-02 00:00:00,Ranchi,Imphal,891.45,00:59,23:10,00:09,5298.5,SG5798
37620,357,firstClass,IndiGo,2021-11-10 00:00:00,Imphal,Ranchi,891.45,00:59,12:30,13:29,5278.5,6E2908
37840,362,premium,Air India,2020-06-18 00:00:00,Patna,Kota,3390.07,03:46,03:13,06:59,13464.45,AI3342
37901,362,economic,Akasa Air,2020-06-26 00:00:00,Kota,Patna,3390.07,03:46,09:08,12:54,11478.71,QP2169
38390,369,economic,IndiGo,2020-12-30 00:00:00,Mopa,Kolkata,8895.51,09:53,23:12,09:05,28620.78,6E295
38425,369,premium,Akasa Air,11/12/2020,Chennai,Puducherry,137.25,00:09,17:38,17:47,1118.4,QP5091
38460,369,economic,SpiceJet,2020-12-15 00:00:00,Puducherry,Chennai,137.25,00:09,10:52,11:01,1052.0,SG2279
38469,369,premium,Akasa Air,2021-01-06 00:00:00,Kolkata,Mopa,8895.51,09:53,23:29,09:22,34224.94,QP4505C
38668,371,economic,Akasa Air,2020-11-26 00:00:00,Gwalior,Coimbatore,1697.6,01:53,03:23,05:16,5947.05,QP1089
38758,371,premium,Air India,2020-12-04 00:00:00,Coimbatore,Gwalior,1697.6,01:53,06:53,08:46,7266.46,AI519
38851,372,firstClass,Akasa Air,2020-12-24 00:00:00,Bhubaneswar,Itanagar,1095.39,01:13,11:10,12:23,6350.7,QP5382Y
38958,372,firstClass,SpiceJet,2020-12-29 00:00:00,Itanagar,Bhubaneswar,1095.39,01:13,15:27,16:40,6370.7,SG5116
40259,389,firstClass,Air India,2020-07-23 00:00:00,Raigarh,Khowai,873.79,00:58,04:01,04:59,5236.45,AI2804
40386,389,firstClass,AirAsia India,2020-07-27 00:00:00,Khowai,Raigarh,873.79,00:58,09:39,10:37,5386.45,I54445
41398,402,firstClass,SpiceJet,2019-07-11 00:00:00,Chennai,Khowai,1705.2,01:53,09:49,11:42,9769.75,SG2036
41482,402,premium,SpiceJet,2019-07-15 00:00:00,Khowai,Chennai,1705.2,01:53,11:25,13:18,7063.82,SG1651
43427,425,firstClass,IndiGo,2019-12-26 00:00:00,Guwahati,Ludhiana,1636.98,01:49,03:42,05:31,9193.65,6E233
43518,425,premium,IndiGo,2020-01-03 00:00:00,Ludhiana,Guwahati,1636.98,01:49,02:26,04:15,6787.43,6E2218N
43568,426,premium,IndiGo,2019-12-12 00:00:00,Ranchi,Ahmedabad,1300.45,01:26,19:42,21:08,5713.82,6E1133
43592,426,premium,Akasa Air,2019-12-24 00:00:00,Ahmedabad,Ranchi,1300.45,01:26,02:01,03:27,5513.82,QP5119V
44436,434,firstClass,IndiGo,2020-12-11 00:00:00,Srinagar,Gwalior,931.43,01:02,05:51,06:53,5489.65,6E776
44470,434,firstClass,Akasa Air,2020-12-18 00:00:00,Gwalior,Srinagar,931.43,01:02,07:53,08:55,5689.65,QP4436
44661,436,premium,SpiceJet,28/05/2020,Coimbatore,Bhubaneswar,1400.3,01:33,12:36,14:09,5912.18,SG787
44672,436,firstClass,SpiceJet,13/08/2020,Jaipur,Patna,943.53,01:02,00:02,01:04,5570.15,SG4973M
44689,436,firstClass,Akasa Air,2020-08-22 00:00:00,Patna,Jaipur,943.53,01:02,17:08,18:10,5550.15,QP2601
44813,436,firstClass,AirAsia India,2020-06-07 00:00:00,Bhubaneswar,Coimbatore,1400.3,01:33,17:03,18:36,7950.25,I51498
45043,440,firstClass,IndiGo,2020-09-17 00:00:00,Raigarh,Vijayawada,665.24,00:44,15:17,16:01,4091.2,6E550
45119,440,firstClass,Air India,2020-09-28 00:00:00,Vijayawada,Raigarh,665.24,00:44,03:57,04:41,4141.2,AI4189
45268,441,firstClass,SpiceJet,2022-01-20 00:00:00,Vadodara,Shimla,1054.83,01:10,21:52,23:02,6356.65,SG2487
45297,441,firstClass,SpiceJet,2022-01-25 00:00:00,Shimla,Vadodara,1054.83,01:10,16:57,18:07,6156.65,SG3908Q
46029,448,economic,Air India,2022-12-05 00:00:00,Dehradun,Gangtok,1082.57,01:12,11:30,12:42,4059.71,AI3281
46071,448,firstClass,Akasa Air,2022-12-13 00:00:00,Gangtok,Dehradun,1082.57,01:12,15:40,16:52,6282.85,QP1830
46113,449,premium,Air India,2020-07-05 00:00:00,Puducherry,Udaipur,1547.27,01:43,11:16,12:59,6498.27,AI849
46121,449,firstClass,SpiceJet,2020-07-09 00:00:00,Udaipur,Puducherry,1547.27,01:43,09:55,11:38,8942.6,SG3217D
46192,450,firstClass,GoAir,13/02/2020,Puducherry,Varanasi,1525.15,01:41,02:00,03:41,8614.5,G8687
46247,450,firstClass,Air India,2020-02-26 00:00:00,Varanasi,Puducherry,1525.15,01:41,23:36,01:17,8654.5,AI5355X
46309,450,economic,Air India,05/12/2022,Puducherry,Varanasi,1525.15,01:41,10:29,12:10,5452.7,AI3630O
46776,454,firstClass,IndiGo,2022-03-24 00:00:00,Bhopal,Mumbai,660.14,00:44,12:55,13:39,4065.7,6E495
46822,454,premium,IndiGo,2022-04-04 00:00:00,Mumbai,Bhopal,660.14,00:44,20:50,21:34,3295.3,6E929I
47027,456,premium,IndiGo,2020-06-25 00:00:00,Diu,Chennai,1302.03,01:26,04:14,05:40,5519.51,6E4820D
47107,456,premium,Air India,2020-06-29 00:00:00,Chennai,Diu,1302.03,01:26,11:50,13:16,5569.51,AI4210Y
47159,458,premium,Akasa Air,2019-10-10 00:00:00,Diu,Ahmedabad,305.78,00:20,03:37,03:57,1754.81,QP593Q
47197,458,premium,IndiGo,2019-10-15 00:00:00,Ahmedabad,Diu,305.78,00:20,18:26,18:46,1954.81,6E278
47972,466,economic,SpiceJet,2019-10-31 00:00:00,Amritsar,Mysuru,2156.36,02:23,17:03,19:26,7410.83,SG2787
47997,466,premium,Air India,2019-11-03 00:00:00,Mysuru,Amritsar,2156.36,02:23,04:11,06:34,8799.0,AI840
48846,479,premium,IndiGo,2020-02-04 00:00:00,Tirupati,Ayodhya,1492.11,01:39,15:50,17:29,6238.9,6E1042
48910,479,firstClass,Air India,2020-02-10 00:00:00,Ayodhya,Tirupati,1492.11,01:39,16:49,18:28,8481.8,AI215X
49313,483,firstClass,Air India,2021-03-06 00:00:00,Udaipur,Chandigarh,747.84,00:49,03:29,04:18,4572.95,AI4788
49346,483,firstClass,IndiGo,2021-03-20 00:00:00,Chandigarh,Udaipur,747.84,00:49,04:52,05:41,4522.95,6E1669
49499,484,economic,Air India,2021-03-25 00:00:00,Visakhapatnam,Ranchi,666.83,00:44,11:00,11:44,2749.49,AI3213
49504,484,economic,Air India,2021-04-06 00:00:00,Ranchi,Visakhapatnam,666.83,00:44,21:20,22:04,2949.49,AI2461
49642,485,premium,Akasa Air,2022-04-14 00:00:00,Tirupati,Udaipur,1356.67,01:30,18:22,19:52,5927.01,QP3781
49652,485,firstClass,IndiGo,2022-04-17 00:00:00,Udaipur,Tirupati,1356.67,01:30,17:47,19:17,7720.85,6E1567
50306,490,premium,SpiceJet,2021-02-09 00:00:00,Bhubaneswar,Gwalior,1024.85,01:08,04:00,05:08,4493.06,SG5937R
50329,490,firstClass,IndiGo,2021-02-23 00:00:00,Gwalior,Bhubaneswar,1024.85,01:08,16:22,17:30,5979.25,6E1064
50951,497,premium,SpiceJet,2019-03-10 00:00:00,Tirupati,Ludhiana,1955.4,02:10,14:53,17:03,8010.44,SG3786
51031,497,firstClass,AirAsia India,2019-03-19 00:00:00,Ludhiana,Tirupati,1955.4,02:10,07:40,09:50,11064.5,I55942
51653,502,firstClass,SpiceJet,13/08/2020,Puducherry,Diu,1357.3,01:30,20:55,22:25,7944.0,SG1230
51735,502,firstClass,SpiceJet,03/10/2022,Vijayawada,Varanasi,1009.76,01:07,17:39,18:46,5920.05,SG5703
51760,502,economic,SpiceJet,2022-10-09 00:00:00,Varanasi,Vijayawada,1009.76,01:07,03:51,04:58,3800.03,SG2260
51770,502,economic,SpiceJet,2020-08-21 00:00:00,Diu,Puducherry,1357.3,01:30,02:24,03:54,4894.4,SG4530
52763,511,premium,Akasa Air,2021-05-08 00:00:00,Diu,Vijayawada,1120.32,01:14,22:26,23:40,4832.95,QP2221
52796,511,firstClass,AirAsia India,2021-05-12 00:00:00,Vijayawada,Diu,1120.32,01:14,22:47,00:01,6479.1,I51578
52807,512,firstClass,Air India,2019-10-24 00:00:00,Chennai,Imphal,1937.32,02:09,01:47,03:56,10820.35,AI4831
52915,512,economic,IndiGo,2019-11-05 00:00:00,Imphal,Chennai,1937.32,02:09,02:53,05:02,6702.21,6E5608
53554,517,firstClass,SpiceJet,2021-04-29 00:00:00,Kullu-Manali,Vijayawada,1744.96,01:56,01:22,03:18,9779.8,SG5476
53573,517,firstClass,GoAir,2021-05-10 00:00:00,Vijayawada,Kullu-Manali,1744.96,01:56,13:05,15:01,9769.8,G84523
53685,519,firstClass,Air India,10/10/2019,Gwalior,Guwahati,1353.44,01:30,05:38,07:08,7754.7,AI5652
53719,519,firstClass,SpiceJet,2019-10-16 00:00:00,Guwahati,Gwalior,1353.44,01:30,19:50,21:20,7924.7,SG3487
53728,519,premium,Air India,08/06/2020,Raigarh,Delhi NCR,984.05,01:05,15:22,16:27,4368.08,AI4254
53745,519,premium,IndiGo,2020-06-12 00:00:00,Delhi NCR,Raigarh,984.05,01:05,19:56,21:01,4518.08,6E5758
54330,529,economic,Air India,2019-05-12 00:00:00,Varanasi,Shimla,861.09,00:57,15:18,16:15,3361.52,AI4496E
54345,529,economic,Akasa Air,2019-05-18 00:00:00,Shimla,Varanasi,861.09,00:57,02:12,03:09,3311.52,QP5117
55753,544,firstClass,AirAsia India,2019-12-12 00:00:00,Bhubaneswar,Surat,1355.8,01:30,02:50,04:20,7716.5,I5640K
55802,544,premium,SpiceJet,2019-12-20 00:00:00,Surat,Bhubaneswar,1355.8,01:30,09:11,10:41,5943.88,SG2034F
56189,546,economic,SpiceJet,2020-01-10 00:00:00,Kota,Navi Mumbai,2348.65,02:36,10:07,12:43,8016.95,SG2741
56217,546,premium,IndiGo,2020-01-23 00:00:00,Navi Mumbai,Kota,2348.65,02:36,21:13,23:49,9676.34,6E4823X
57216,557,premium,Akasa Air,2021-04-15 00:00:00,Bilaspur,Mopa,8261.64,09:10,17:33,02:43,31826.9,QP1687
57278,557,economic,SpiceJet,2021-04-19 00:00:00,Mopa,Bilaspur,8261.64,09:10,20:44,05:54,26842.42,SG3490
57722,562,premium,Akasa Air,2020-07-16 00:00:00,Puri,Raipur,464.75,00:30,04:08,04:38,2354.1,QP3954
57733,562,economic,SpiceJet,2020-07-29 00:00:00,Raipur,Puri,464.75,00:30,03:15,03:45,2081.75,SG862
58398,570,premium,SpiceJet,2020-04-06 00:00:00,Thiruvananthapuram,Ranchi,1876.95,02:05,14:46,16:51,7714.52,SG1511
58440,570,premium,Air India,2020-04-09 00:00:00,Ranchi,Thiruvananthapuram,1876.95,02:05,15:10,17:15,7744.52,AI4347
58907,573,economic,SpiceJet,2020-12-31 00:00:00,Varanasi,Thiruvananthapuram,1978.55,02:11,14:38,16:49,6850.4,SG1050P
58938,573,firstClass,GoAir,2021-01-10 00:00:00,Thiruvananthapuram,Varanasi,1978.55,02:11,11:05,13:16,10994.0,G83130
60725,587,premium,IndiGo,2019-12-19 00:00:00,Diu,Puri,1551.16,01:43,06:33,08:16,6662.28,6E3375
60888,587,firstClass,GoAir,2020-01-01 00:00:00,Puri,Diu,1551.16,01:43,03:55,05:38,8752.05,G81790
61260,599,firstClass,Akasa Air,2020-04-16 00:00:00,Mysuru,Ahmedabad,1267.51,01:24,11:04,12:28,7252.55,QP5706
61340,599,firstClass,Air India,2020-04-27 00:00:00,Ahmedabad,Mysuru,1267.51,01:24,03:03,04:27,7302.55,AI610
61862,604,firstClass,IndiGo,2019-10-10 00:00:00,Nashik,Gwalior,825.13,00:55,17:49,18:44,4931.9,6E2025
61877,604,firstClass,AirAsia India,2019-10-23 00:00:00,Gwalior,Nashik,825.13,00:55,09:19,10:14,5131.9,I54110J
62002,605,firstClass,SpiceJet,2021-07-01 00:00:00,Pune,Mumbai,119.45,00:07,10:28,10:35,1243.5,SG437
62072,605,premium,Akasa Air,2021-07-09 00:00:00,Mumbai,Pune,119.45,00:07,09:02,09:09,1248.92,QP5616
62648,611,economic,Akasa Air,2021-01-28 00:00:00,Srinagar,Bengaluru,2364.58,02:37,19:42,22:19,8246.99,QP2627F
62655,611,firstClass,IndiGo,2021-02-02 00:00:00,Bengaluru,Srinagar,2364.58,02:37,12:25,15:02,13011.65,6E337
63038,614,economic,Akasa Air,2020-02-01 00:00:00,Gangtok,Dhubri,199.37,00:13,22:09,22:22,1227.36,QP2923
63044,614,premium,IndiGo,2020-02-05 00:00:00,Dhubri,Gangtok,199.37,00:13,15:49,16:02,1352.83,6E5280
63349,616,economic,Akasa Air,2022-03-24 00:00:00,Bilaspur,Surat,968.69,01:04,01:14,02:18,3650.07,QP984
63370,616,firstClass,SpiceJet,2022-04-01 00:00:00,Surat,Bilaspur,968.69,01:04,22:55,23:59,5703.45,SG681
63809,621,firstClass,AirAsia India,2019-12-19 00:00:00,Chennai,Imphal,1937.32,02:09,12:07,14:16,10770.35,I51542G
63850,621,firstClass,IndiGo,2020-01-01 00:00:00,Imphal,Chennai,1937.32,02:09,03:35,05:44,10770.35,6E5608
63929,622,premium,SpiceJet,2020-02-07 00:00:00,Imphal,Ranchi,891.45,00:59,01:52,02:51,3988.52,SG857
63993,622,economic,Air India,2020-02-17 00:00:00,Ranchi,Imphal,891.45,00:59,15:48,16:47,3457.1,AI4599
64460,627,firstClass,GoAir,2020-08-13 00:00:00,Kolkata,Shimla,1459.94,01:37,22:17,23:54,8273.45,G85452N
64473,627,premium,SpiceJet,2020-08-20 00:00:00,Shimla,Kolkata,1459.94,01:37,06:18,07:55,6337.68,SG4717
65993,641,firstClass,Akasa Air,13/08/2020,Surat,Hyderabad,726.71,00:48,15:24,16:12,4413.55,QP658
66020,641,firstClass,AirAsia India,2020-08-18 00:00:00,Hyderabad,Surat,726.71,00:48,17:28,18:16,4413.55,I51757
66027,641,firstClass,Akasa Air,04/08/2021,Surat,Nashik,166.63,00:11,15:57,16:08,1474.4,QP1529
66044,641,economic,Akasa Air,08/05/2021,Navi Mumbai,Dabolim,415.65,00:27,11:37,12:04,1907.7,QP5261
66046,641,economic,Akasa Air,2021-08-19 00:00:00,Nashik,Surat,166.63,00:11,05:34,05:45,1124.64,QP4789
66048,641,economic,Air India,2021-05-19 00:00:00,Dabolim,Navi Mumbai,415.65,00:27,01:11,01:38,1957.7,AI5568
66154,642,premium,SpiceJet,2020-02-27 00:00:00,Raigarh,Dehradun,1078.78,01:11,03:26,04:37,4695.31,SG3173
66160,642,premium,Akasa Air,2020-03-04 00:00:00,Dehradun,Raigarh,1078.78,01:11,12:56,14:07,4675.31,QP2494
66559,646,premium,IndiGo,02/06/2020,Varanasi,Vijayawada,1009.76,01:07,10:34,11:41,4416.04,6E1529Y
66565,646,economic,IndiGo,19/03/2020,Shillong,Mysuru,2175.1,02:25,21:43,00:08,7651.55,6E1299
66572,646,premium,IndiGo,2020-07-05 00:00:00,Vijayawada,Varanasi,1009.76,01:07,17:05,18:12,4416.04,6E4069
66706,646,economic,Akasa Air,2020-03-22 00:00:00,Mysuru,Shillong,2175.1,02:25,19:48,22:13,7651.55,QP2964D
67168,651,economic,Akasa Air,2021-12-30 00:00:00,Varanasi,Puri,678.21,00:45,05:30,06:15,2735.88,QP5354
67187,651,firstClass,Air India,2022-01-03 00:00:00,Puri,Varanasi,678.21,00:45,21:57,22:42,4409.8,AI3084
67588,655,premium,Air India,2020-05-14 00:00:00,Visakhapatnam,Hyderabad,504.2,00:33,01:53,02:26,2554.22,AI2311
67666,655,firstClass,Air India,2020-05-23 00:00:00,Hyderabad,Visakhapatnam,504.2,00:33,19:02,19:35,3494.75,AI610W
67929,659,firstClass,GoAir,2020-02-27 00:00:00,Bhubaneswar,Ludhiana,1547.91,01:43,09:51,11:34,8935.8,G8283
67940,659,premium,IndiGo,2020-03-01 00:00:00,Ludhiana,Bhubaneswar,1547.91,01:43,23:32,01:15,6450.58,6E5512
68586,664,firstClass,AirAsia India,2021-10-06 00:00:00,Prayagraj,Ranchi,421.65,00:28,21:32,22:00,3013.25,I5467
68636,664,firstClass,IndiGo,2021-10-14 00:00:00,Ranchi,Prayagraj,421.65,00:28,22:48,23:16,2813.25,6E2443
69172,669,premium,IndiGo,2021-02-09 00:00:00,Kolkata,Nashik,1535.86,01:42,00:50,02:32,6404.5,6E1731
69176,669,firstClass,IndiGo,2021-02-22 00:00:00,Nashik,Kolkata,1535.86,01:42,22:14,23:56,8661.8,6E4706
69226,671,firstClass,GoAir,2020-02-01 00:00:00,Delhi NCR,Mopa,7745.91,08:36,01:38,10:14,41274.55,G83195
69293,671,firstClass,IndiGo,2020-02-09 00:00:00,Mopa,Delhi NCR,7745.91,08:36,20:00,04:36,41464.55,6E2008
69444,673,firstClass,Akasa Air,2020-09-24 00:00:00,Guwahati,Vadodara,1926.61,02:08,21:46,23:54,10913.05,QP2275
69465,673,economic,SpiceJet,2020-09-28 00:00:00,Vadodara,Guwahati,1926.61,02:08,14:00,16:08,6687.83,SG1882
69528,674,premium,SpiceJet,2019-12-19 00:00:00,Raigarh,Visakhapatnam,469.41,00:31,16:45,17:16,2393.58,SG2753
69573,674,economic,Air India,2020-01-01 00:00:00,Visakhapatnam,Raigarh,469.41,00:31,04:05,04:36,2127.98,AI1675
71736,696,economic,SpiceJet,2020-03-09 00:00:00,Kota,Mopa,5169.94,05:44,03:07,08:51,16903.82,SG2597D
71755,696,economic,Air India,2020-03-13 00:00:00,Mopa,Kota,5169.94,05:44,06:08,11:52,17133.82,AI2845
72352,703,firstClass,AirAsia India,23/01/2020,Dehradun,Kota,2679.24,02:58,19:09,22:07,14863.7,I51567
72354,703,economic,Akasa Air,02/06/2020,Mopa,Varanasi,8334.57,09:15,15:08,00:23,26852.46,QP4295
72368,703,firstClass,AirAsia India,2020-01-28 00:00:00,Kota,Dehradun,2679.24,02:58,01:55,04:53,14663.7,I55053
72382,703,premium,Akasa Air,2020-06-17 00:00:00,Varanasi,Mopa,8334.57,09:15,22:13,07:28,32102.95,QP5458
73100,710,economic,IndiGo,12/10/2020,Prayagraj,Mumbai,1162.22,01:17,19:00,20:17,4459.91,6E4995
73166,710,economic,Air India,2022-10-17 00:00:00,Mumbai,Prayagraj,1162.22,01:17,12:04,13:21,4309.91,AI3815
73177,710,premium,Akasa Air,06/02/2022,Surat,Mysuru,1069.12,01:11,09:49,11:00,4840.53,QP3030Q
73188,710,firstClass,Akasa Air,2022-02-18 00:00:00,Mysuru,Surat,1069.12,01:11,04:47,05:58,6211.85,QP4251
73460,713,firstClass,GoAir,2019-12-19 00:00:00,Kullu-Manali,Srinagar,329.11,00:21,00:53,01:14,2334.3,G85782Z
73481,713,economic,SpiceJet,2019-12-22 00:00:00,Srinagar,Kullu-Manali,329.11,00:21,11:21,11:42,1654.58,SG591
73679,714,firstClass,GoAir,2022-04-08 00:00:00,Raipur,Ranchi,445.04,00:29,15:47,16:16,2943.95,G84154
73683,714,economic,IndiGo,2022-04-20 00:00:00,Ranchi,Raipur,445.04,00:29,01:33,02:02,2000.37,6E3778
73972,717,firstClass,AirAsia India,2019-10-17 00:00:00,Jamshedpur,Raigarh,303.95,00:20,10:44,11:04,2194.75,I52770
74021,717,economic,IndiGo,2019-10-23 00:00:00,Raigarh,Jamshedpur,303.95,00:20,17:26,17:46,1556.85,6E2223
75210,731,premium,Air India,2020-05-03 00:00:00,Nashik,Kullu-Manali,1362.82,01:30,13:10,14:40,5799.15,AI3539
75286,731,firstClass,Akasa Air,2020-05-15 00:00:00,Kullu-Manali,Nashik,1362.82,01:30,23:42,01:12,7751.6,QP4601
75623,737,premium,Air India,10/10/2019,Coimbatore,Puri,1362.16,01:30,20:17,21:47,5996.78,AI4604
75625,737,firstClass,Air India,24/10/2019,Puri,Coimbatore,1362.16,01:30,20:20,21:50,7998.3,AI5775
75645,737,premium,Air India,03/12/2020,Puducherry,Puri,1084.01,01:12,22:19,23:31,4746.84,AI5292
75681,737,economic,Akasa Air,19/11/2020,Jaipur,Mumbai,921.69,01:01,10:02,11:03,3502.32,QP5361G
75724,737,firstClass,GoAir,2020-11-26 00:00:00,Mumbai,Jaipur,921.69,01:01,20:17,21:18,5647.2,G8449
75750,737,premium,IndiGo,2020-12-17 00:00:00,Puri,Puducherry,1084.01,01:12,09:34,10:46,4896.84,6E2504
77105,749,firstClass,IndiGo,2020-02-01 00:00:00,Bilaspur,Ranchi,352.67,00:23,19:57,20:20,2649.6,6E5249
77120,749,firstClass,Air India,2020-02-09 00:00:00,Ranchi,Bilaspur,352.67,00:23,06:27,06:50,2699.6,AI2676
78027,757,firstClass,IndiGo,2022-03-31 00:00:00,Ayodhya,Visakhapatnam,1019.15,01:07,09:26,10:33,6147.0,6E1824
78031,757,firstClass,GoAir,2022-04-10 00:00:00,Visakhapatnam,Ayodhya,1019.15,01:07,18:41,19:48,6157.0,G84402
78876,766,firstClass,Air India,2020-12-03 00:00:00,Bhubaneswar,Hyderabad,840.09,00:56,23:48,00:44,5060.45,AI768L
78939,766,economic,SpiceJet,2020-12-11 00:00:00,Hyderabad,Bhubaneswar,840.09,00:56,15:29,16:25,3266.27,SG2670
79967,779,premium,SpiceJet,2019-10-24 00:00:00,Udaipur,Ranchi,1185.97,01:19,10:30,11:49,5102.79,SG4126
80107,779,economic,Akasa Air,2019-11-05 00:00:00,Ranchi,Udaipur,1185.97,01:19,20:14,21:33,4535.66,QP4941
80402,782,premium,Air India,2020-10-29 00:00:00,Bengaluru,Hyderabad,499.26,00:33,07:44,08:17,2736.44,AI3465
80418,782,firstClass,Air India,2020-11-02 00:00:00,Hyderabad,Bengaluru,499.26,00:33,13:18,13:51,3270.05,AI2385
81052,789,premium,Akasa Air,2020-01-16 00:00:00,Mysuru,Hyderabad,598.3,00:39,07:12,07:51,3059.18,QP5358
81109,789,economic,Air India,2020-01-19 00:00:00,Hyderabad,Mysuru,598.3,00:39,19:55,20:34,2732.65,AI4671J
81265,791,economic,IndiGo,2020-04-23 00:00:00,Coimbatore,Diu,1254.52,01:23,22:15,23:38,4550.31,6E2255
81271,791,firstClass,SpiceJet,2020-05-04 00:00:00,Diu,Coimbatore,1254.52,01:23,12:05,13:28,7203.85,SG5813
82000,798,firstClass,GoAir,2020-05-03 00:00:00,Puducherry,Varanasi,1525.15,01:41,13:58,15:39,8614.5,G8687
82158,798,economic,Air India,2020-05-14 00:00:00,Varanasi,Puducherry,1525.15,01:41,05:49,07:30,5452.7,AI5355X
82194,799,premium,Air India,2020-03-26 00:00:00,Nashik,Mumbai,140.1,00:09,23:58,00:07,1178.66,AI1374
82289,799,economic,SpiceJet,2020-04-03 00:00:00,Mumbai,Nashik,140.1,00:09,07:53,08:02,1260.55,SG843
83218,813,firstClass,GoAir,2020-05-11 00:00:00,Thiruvananthapuram,Vijayawada,977.99,01:05,21:27,22:32,5943.7,G84702
83261,813,economic,SpiceJet,2020-05-25 00:00:00,Vijayawada,Thiruvananthapuram,977.99,01:05,17:21,18:26,3700.22,SG3231
83696,820,firstClass,SpiceJet,02/04/2021,Navi Mumbai,Delhi NCR,1146.77,01:16,07:38,08:54,6838.85,SG4414
83759,820,economic,Akasa Air,2021-04-21 00:00:00,Delhi NCR,Navi Mumbai,1146.77,01:16,01:20,02:36,4211.31,QP5652
83766,820,economic,SpiceJet,06/09/2022,Kullu-Manali,Navi Mumbai,1486.55,01:39,00:04,01:43,5302.4,SG3758
83788,820,premium,IndiGo,2022-09-11 00:00:00,Navi Mumbai,Kullu-Manali,1486.55,01:39,12:37,14:16,6218.88,6E4939
84177,826,premium,IndiGo,2019-10-10 00:00:00,Tirupati,Ayodhya,1492.11,01:39,09:55,11:34,6438.9,6E1042
84181,826,economic,Air India,11/07/2019,Puri,Khowai,761.45,00:50,17:58,18:48,3046.85,AI3685
84211,826,premium,IndiGo,2019-10-16 00:00:00,Ayodhya,Tirupati,1492.11,01:39,17:25,19:04,6238.9,6E3572
84242,826,firstClass,Air India,2019-07-21 00:00:00,Khowai,Puri,761.45,00:50,07:24,08:14,4844.75,AI4158F
84311,828,economic,IndiGo,2020-03-19 00:00:00,Mysuru,Gangtok,2085.17,02:19,17:28,19:47,7168.26,6E1793
84355,828,economic,Akasa Air,2020-03-30 00:00:00,Gangtok,Mysuru,2085.17,02:19,21:26,23:45,7368.26,QP3375
84596,831,firstClass,Akasa Air,2020-07-05 00:00:00,Itanagar,Ludhiana,1776.27,01:58,19:00,20:58,10123.85,QP1134
84605,831,premium,IndiGo,2020-07-08 00:00:00,Ludhiana,Itanagar,1776.27,01:58,06:02,08:00,7513.17,6E4810
85273,837,premium,IndiGo,2021-10-14 00:00:00,Jaipur,Delhi NCR,231.43,00:15,23:43,23:58,1473.65,6E5130V
85308,837,premium,Air India,2021-10-18 00:00:00,Delhi NCR,Jaipur,231.43,00:15,10:55,11:10,1523.65,AI237
85671,843,economic,Akasa Air,2021-12-08 00:00:00,Jamshedpur,Bengaluru,1420.83,01:34,17:48,19:22,5073.99,QP4553
85674,843,economic,Akasa Air,2021-12-21 00:00:00,Bengaluru,Jamshedpur,1420.83,01:34,15:38,17:12,5073.99,QP2346
86219,850,firstClass,GoAir,21/11/2019,Varanasi,Jamshedpur,426.65,00:28,23:49,00:17,2848.25,G85387W
86275,850,firstClass,IndiGo,2019-11-27 00:00:00,Jamshedpur,Varanasi,426.65,00:28,22:19,22:47,2838.25,6E3989
86292,850,firstClass,GoAir,15/04/2021,Kullu-Manali,Thiruvananthapuram,2601.07,02:53,03:46,06:39,14264.1,G82781
86312,850,economic,IndiGo,2021-04-19 00:00:00,Thiruvananthapuram,Kullu-Manali,2601.07,02:53,20:31,23:24,8992.46,6E4290
86782,856,economic,SpiceJet,2020-01-10 00:00:00,Navi Mumbai,Indore,503.17,00:33,12:08,12:41,2203.76,SG4693W
86791,856,firstClass,IndiGo,2020-01-21 00:00:00,Indore,Navi Mumbai,503.17,00:33,08:55,09:28,3439.6,6E4472
87347,862,premium,IndiGo,27/02/2020,Delhi NCR,Mopa,7745.91,08:36,12:33,21:09,29878.48,6E3993
87365,862,premium,IndiGo,07/02/2020,Dehradun,Gwalior,455.5,00:30,03:54,04:24,2320.8,6E5784
87368,862,premium,SpiceJet,2020-02-23 00:00:00,Gwalior,Dehradun,455.5,00:30,06:51,07:21,2540.8,SG2949
87386,862,premium,SpiceJet,2020-03-06 00:00:00,Mopa,Delhi NCR,7745.91,08:36,22:44,07:20,29898.48,SG460
87517,864,firstClass,SpiceJet,2022-01-20 00:00:00,Dabolim,Mopa,7415.65,08:14,11:33,19:47,39550.75,SG1677
87525,864,premium,Air India,2022-01-26 00:00:00,Mopa,Dabolim,7415.65,08:14,04:23,12:37,28680.14,AI5142
87811,868,firstClass,Air India,2020-01-30 00:00:00,Ayodhya,Dabolim,1537.16,01:42,21:10,22:52,8918.3,AI3383V
87848,868,economic,Air India,2020-02-09 00:00:00,Dabolim,Ayodhya,1537.16,01:42,07:36,09:18,5690.98,AI2371
88340,873,premium,SpiceJet,2019-10-31 00:00:00,Itanagar,Hyderabad,1893.65,02:06,21:38,23:44,7977.34,SG4004
88477,873,economic,Akasa Air,2019-11-08 00:00:00,Hyderabad,Itanagar,1893.65,02:06,05:54,08:00,6564.45,QP2867U
88564,875,premium,IndiGo,2020-06-18 00:00:00,Gangtok,Patna,396.01,00:26,11:08,11:34,2095.84,6E4231
88614,875,economic,SpiceJet,2020-06-26 00:00:00,Patna,Gangtok,396.01,00:26,06:07,06:33,2066.53,SG3459
89175,880,premium,IndiGo,2020-06-25 00:00:00,Puri,Vijayawada,658.13,00:43,12:40,13:23,3085.37,6E1685
89193,880,firstClass,Akasa Air,2020-07-05 00:00:00,Vijayawada,Puri,658.13,00:43,17:35,18:18,4051.9,QP2565
89235,881,firstClass,Air India,16/01/2020,Jaipur,Shimla,484.24,00:32,10:29,11:01,3191.2,AI1465
89263,881,premium,Akasa Air,30/07/2020,Bhopal,Hisar,5549.86,06:09,02:29,08:38,21575.8,QP2463
89272,881,premium,Akasa Air,2020-08-10 00:00:00,Hisar,Bhopal,5549.86,06:09,12:46,18:55,21575.8,QP1799
89349,881,premium,Akasa Air,2020-01-24 00:00:00,Shimla,Jaipur,484.24,00:32,04:53,05:25,2429.66,QP2030
89758,886,firstClass,GoAir,2019-11-14 00:00:00,Puducherry,Varanasi,1525.15,01:41,15:39,17:20,8614.5,G8687
89815,886,firstClass,AirAsia India,2019-11-19 00:00:00,Varanasi,Puducherry,1525.15,01:41,15:25,17:06,8604.5,I52311
90957,898,firstClass,Air India,01/09/2020,Dhubri,Pune,1855.2,02:03,20:05,22:08,10587.25,AI2381
90999,898,firstClass,AirAsia India,2020-09-29 00:00:00,Pune,Dhubri,1855.2,02:03,12:07,14:10,10337.25,I5581
91034,898,premium,SpiceJet,07/01/2021,Patna,Ludhiana,1083.83,01:12,16:04,17:16,4716.19,SG2048
91113,898,firstClass,GoAir,2021-01-11 00:00:00,Ludhiana,Patna,1083.83,01:12,01:33,02:45,6299.15,G81355
91185,900,premium,IndiGo,2019-12-26 00:00:00,Ludhiana,Shimla,126.93,00:08,11:33,11:41,1078.55,6E5354X
91259,900,premium,IndiGo,2020-01-05 00:00:00,Shimla,Ludhiana,126.93,00:08,22:18,22:26,1078.55,6E3537
91684,905,economic,IndiGo,2021-07-10 00:00:00,Coimbatore,Kota,3147.59,03:29,19:10,22:39,10713.02,6E2872
91686,905,premium,Air India,2021-07-22 00:00:00,Kota,Coimbatore,3147.59,03:29,18:19,21:48,12745.62,AI4612I
91938,907,premium,Air India,2020-09-04 00:00:00,Jaipur,Shimla,484.24,00:32,13:40,14:12,2479.66,AI1465
91941,907,firstClass,SpiceJet,2020-09-10 00:00:00,Shimla,Jaipur,484.24,00:32,20:36,21:08,3361.2,SG3943
92699,915,economic,Air India,24/10/2019,Mopa,Guwahati,9201.22,10:13,11:42,21:55,29632.91,AI3544
92755,915,firstClass,IndiGo,2019-10-29 00:00:00,Guwahati,Mopa,9201.22,10:13,07:01,17:14,49104.85,6E3034
92781,915,firstClass,IndiGo,20/05/2021,Vijayawada,Gangtok,1455.73,01:37,00:13,01:50,8242.4,6E2677
92861,915,economic,Air India,2021-05-25 00:00:00,Gangtok,Vijayawada,1455.73,01:37,14:25,16:02,5235.44,AI765B
93542,923,economic,IndiGo,2020-04-16 00:00:00,Vadodara,Bhopal,442.97,00:29,02:09,02:38,1994.16,6E1523
93554,923,firstClass,IndiGo,2020-04-22 00:00:00,Bhopal,Vadodara,442.97,00:29,23:08,23:37,2923.6,6E1108L
93936,928,economic,SpiceJet,2020-08-27 00:00:00,Varanasi,Kullu-Manali,926.4,01:01,09:50,10:51,3736.45,SG2231
93970,928,economic,SpiceJet,2020-09-08 00:00:00,Kullu-Manali,Varanasi,926.4,01:01,10:58,11:59,3536.45,SG3705
94081,930,premium,IndiGo,2021-11-02 00:00:00,Thiruvananthapuram,Coimbatore,280.22,00:18,19:10,19:28,1857.39,6E2068
94146,930,economic,Akasa Air,2021-11-09 00:00:00,Coimbatore,Thiruvananthapuram,280.22,00:18,06:39,06:57,1681.16,QP1154
94617,935,premium,IndiGo,2020-10-29 00:00:00,Bilaspur,Thiruvananthapuram,1610.93,01:47,23:36,01:23,6688.25,6E3503
94624,935,economic,Air India,2020-11-02 00:00:00,Thiruvananthapuram,Bilaspur,1610.93,01:47,13:44,15:31,5723.54,AI2072
95315,941,firstClass,SpiceJet,2019-11-21 00:00:00,Srinagar,Ranchi,1571.5,01:44,09:56,11:40,9067.5,SG5236
95438,941,firstClass,GoAir,2019-12-01 00:00:00,Ranchi,Srinagar,1571.5,01:44,08:39,10:23,9057.5,G83636
95663,945,economic,Air India,2020-07-16 00:00:00,Vijayawada,Prayagraj,1001.5,01:06,17:47,18:53,3803.0,AI5672
95716,945,firstClass,GoAir,2020-07-29 00:00:00,Prayagraj,Vijayawada,1001.5,01:06,07:48,08:54,6065.0,G81320
96447,955,firstClass,SpiceJet,2020-02-13 00:00:00,Guwahati,Patna,664.43,00:44,14:22,15:06,4107.15,SG1463
96509,955,economic,Akasa Air,2020-02-25 00:00:00,Patna,Guwahati,664.43,00:44,17:53,18:37,2692.29,QP639
96876,958,firstClass,AirAsia India,04/09/2020,Mopa,Amritsar,7551.25,08:23,00:31,08:54,40242.5,I51748
96954,958,premium,IndiGo,2020-09-10 00:00:00,Amritsar,Mopa,7551.25,08:23,11:04,19:27,29142.6,6E1908
96982,958,economic,Akasa Air,21/04/2022,Amritsar,Mopa,7551.25,08:23,06:25,14:48,24585.5,QP1078
97118,960,premium,Air India,2020-05-11 00:00:00,Varanasi,Dhubri,703.33,00:46,09:41,10:27,3506.19,AI5673Y
97144,960,premium,IndiGo,2020-05-22 00:00:00,Dhubri,Varanasi,703.33,00:46,14:27,15:13,3256.19,6E718
97304,962,premium,Akasa Air,2020-03-09 00:00:00,Itanagar,Dabolim,2422.76,02:41,09:05,11:46,9956.64,QP1665
97399,962,firstClass,AirAsia India,2020-03-13 00:00:00,Dabolim,Itanagar,2422.76,02:41,10:39,13:20,13317.55,I51897
97710,967,firstClass,IndiGo,13/08/2020,Hyderabad,Bhubaneswar,840.09,00:56,22:08,23:04,5010.45,6E861M
97722,967,firstClass,AirAsia India,2020-08-21 00:00:00,Bhubaneswar,Hyderabad,840.09,00:56,21:59,22:55,5210.45,I53291
97732,967,firstClass,IndiGo,14/01/2021,Bhubaneswar,Ayodhya,814.45,00:54,21:23,22:17,5074.75,6E5856
97746,967,economic,Akasa Air,2021-01-22 00:00:00,Ayodhya,Bhubaneswar,814.45,00:54,23:20,00:14,3164.85,QP3901
100117,993,premium,SpiceJet,2021-02-12 00:00:00,Navi Mumbai,Mysuru,843.67,00:56,21:24,22:20,4008.41,SG5409
100133,993,economic,Akasa Air,2021-02-19 00:00:00,Mysuru,Navi Mumbai,843.67,00:56,10:24,11:20,3257.01,QP5984
100665,1001,premium,SpiceJet,2021-10-28 00:00:00,Amritsar,Puducherry,2247.39,02:29,01:00,03:29,9112.9,SG1274
100684,1001,firstClass,IndiGo,2021-11-04 00:00:00,Puducherry,Amritsar,2247.39,02:29,21:31,00:00,12595.7,6E5549
100974,1003,premium,IndiGo,14/01/2021,Shimla,Diu,1309.81,01:27,13:35,15:02,5550.22,6E2515
101022,1003,premium,Air India,2021-01-16 00:00:00,Diu,Shimla,1309.81,01:27,18:10,19:37,5800.22,AI1469
101039,1003,firstClass,Akasa Air,14/04/2022,Ahmedabad,Puducherry,1452.17,01:36,13:14,14:50,8220.85,QP3580
101058,1003,firstClass,AirAsia India,2022-04-25 00:00:00,Puducherry,Ahmedabad,1452.17,01:36,11:46,13:22,8220.85,I5367V
101099,1004,firstClass,AirAsia India,11/07/2019,Khowai,Delhi NCR,1533.62,01:42,18:25,20:07,8850.6,I55457H
101139,1004,premium,IndiGo,13/08/2020,Bhopal,Hisar,5549.86,06:09,04:50,10:59,21575.8,6E5925U
101267,1004,premium,SpiceJet,2020-08-26 00:00:00,Hisar,Bhopal,5549.86,06:09,03:01,09:10,21595.8,SG228
101280,1004,firstClass,GoAir,2019-07-27 00:00:00,Delhi NCR,Khowai,1533.62,01:42,10:56,12:38,8660.6,G84142
101894,1011,firstClass,AirAsia India,2020-10-22 00:00:00,Shillong,Chandigarh,1585.75,01:45,06:48,08:33,9122.5,I5100
101907,1011,firstClass,Air India,2020-11-03 00:00:00,Chandigarh,Shillong,1585.75,01:45,03:08,04:53,8972.5,AI709
102877,1022,firstClass,GoAir,23/01/2020,Ayodhya,Bilaspur,524.76,00:34,08:15,08:49,3561.3,G84779X
102977,1022,firstClass,Air India,23/12/2021,Mopa,Tirupati,8027.45,08:55,17:32,02:27,42793.5,AI5811
102983,1022,premium,SpiceJet,2021-12-28 00:00:00,Tirupati,Mopa,8027.45,08:55,04:25,13:20,30963.32,SG2964
103019,1022,premium,Akasa Air,2020-01-29 00:00:00,Bilaspur,Ayodhya,524.76,00:34,05:03,05:37,2580.94,QP5715
103240,1024,premium,Akasa Air,2022-11-24 00:00:00,Mysuru,Nashik,908.48,01:00,00:36,01:36,4032.53,QP466
103251,1024,premium,Akasa Air,2022-12-05 00:00:00,Nashik,Mysuru,908.48,01:00,03:04,04:04,4032.53,QP5055
103331,1026,firstClass,IndiGo,2020-12-17 00:00:00,Jamshedpur,Shillong,654.58,00:43,03:39,04:22,4034.15,6E892
103352,1026,premium,Air India,2020-12-21 00:00:00,Shillong,Jamshedpur,654.58,00:43,14:47,15:30,3122.59,AI420
103604,1027,premium,SpiceJet,2022-12-05 00:00:00,Gwalior,Gangtok,1043.09,01:09,08:28,09:37,4761.42,SG408
103621,1027,firstClass,Air India,2022-12-09 00:00:00,Gangtok,Gwalior,1043.09,01:09,11:00,12:09,6124.2,AI4066O
104026,1032,economic,SpiceJet,2019-09-26 00:00:00,Itanagar,Kullu-Manali,1677.39,01:51,01:52,03:43,5901.92,SG3468
104041,1032,firstClass,SpiceJet,2019-10-03 00:00:00,Kullu-Manali,Itanagar,1677.39,01:51,18:12,20:03,9623.2,SG2490
104472,1037,economic,IndiGo,2019-12-12 00:00:00,Dehradun,Delhi NCR,206.89,00:13,21:51,22:04,1449.92,6E1124W
104558,1037,premium,IndiGo,2019-12-16 00:00:00,Delhi NCR,Dehradun,206.89,00:13,06:14,06:27,1579.9,6E4742
104683,1039,firstClass,SpiceJet,2021-04-29 00:00:00,Visakhapatnam,Raigarh,469.41,00:31,18:18,18:49,3283.3,SG1744
104725,1039,premium,Air India,2022-02-17 00:00:00,Bilaspur,Ranchi,352.67,00:23,06:26,06:49,2181.71,AI2144
104726,1039,economic,Akasa Air,2021-05-09 00:00:00,Raigarh,Visakhapatnam,469.41,00:31,03:29,04:00,2077.98,QP2587
104731,1039,firstClass,SpiceJet,31/02/2022,Ranchi,Bilaspur,352.67,00:23,06:00,06:23,2669.6,SG2420I
104733,1039,firstClass,AirAsia India,14/04/2022,Delhi NCR,Amritsar,391.51,00:26,02:50,03:16,2655.05,I53287
104753,1039,economic,IndiGo,2022-04-19 00:00:00,Amritsar,Delhi NCR,391.51,00:26,03:06,03:32,1833.03,6E2691N
104815,1040,firstClass,SpiceJet,2020-06-25 00:00:00,Khowai,Chennai,1705.2,01:53,19:06,20:59,9769.75,SG1651
104898,1040,premium,Akasa Air,2020-07-04 00:00:00,Chennai,Khowai,1705.2,01:53,10:49,12:42,7043.82,QP2099X
104985,1041,firstClass,Air India,23/07/2020,Chandigarh,Kullu-Manali,131.49,00:08,10:29,10:37,1337.45,AI777
105002,1041,firstClass,SpiceJet,19/11/2020,Chennai,Mysuru,404.42,00:26,14:19,14:45,2739.6,SG3990V
105006,1041,economic,Akasa Air,2020-08-01 00:00:00,Kullu-Manali,Chandigarh,131.49,00:08,22:27,22:35,1012.47,QP2147
105088,1041,firstClass,AirAsia India,14/07/2022,Guwahati,Thiruvananthapuram,2512.6,02:47,07:21,10:08,13989.25,I52114
105129,1041,premium,Air India,2022-07-27 00:00:00,Thiruvananthapuram,Guwahati,2512.6,02:47,18:38,21:25,10346.26,AI5092
105134,1041,economic,IndiGo,2020-11-26 00:00:00,Mysuru,Chennai,404.42,00:26,12:51,13:17,1871.76,6E5437
105705,1048,premium,Air India,2020-09-07 00:00:00,Varanasi,Ludhiana,937.48,01:02,03:24,04:26,4192.33,AI278
105785,1048,premium,Akasa Air,2020-09-16 00:00:00,Ludhiana,Varanasi,937.48,01:02,04:25,05:27,4142.33,QP5982
106891,1061,firstClass,GoAir,2020-02-07 00:00:00,Coimbatore,Diu,1254.52,01:23,03:23,04:46,7193.85,G81143
107012,1061,economic,SpiceJet,2020-02-18 00:00:00,Diu,Coimbatore,1254.52,01:23,11:54,13:17,4570.31,SG5813
107559,1067,firstClass,GoAir,2019-07-11 00:00:00,Itanagar,Kota,4206.63,04:40,05:57,10:37,22693.15,G81065
107587,1067,premium,SpiceJet,2019-07-18 00:00:00,Kota,Itanagar,4206.63,04:40,11:35,16:15,16519.87,SG2100
107800,1070,firstClass,GoAir,2019-10-24 00:00:00,Nashik,Jaipur,796.17,00:53,10:53,11:46,4789.6,G82667
107849,1070,firstClass,IndiGo,2019-10-28 00:00:00,Jaipur,Nashik,796.17,00:53,07:30,08:23,4979.6,6E1842
108240,1074,economic,IndiGo,2020-10-22 00:00:00,Hisar,Udaipur,5157.55,05:43,13:41,19:24,16844.4,6E3023
108349,1074,firstClass,AirAsia India,2020-11-02 00:00:00,Udaipur,Hisar,5157.55,05:43,16:29,22:12,27674.0,I53658
108868,1080,premium,Akasa Air,10/10/2019,Jamshedpur,Bengaluru,1420.83,01:34,23:06,00:40,5968.79,QP4553
108889,1080,premium,IndiGo,03/05/2020,Kota,Amritsar,2400.03,02:40,14:57,17:37,9672.11,6E3779
108987,1080,economic,IndiGo,2019-10-20 00:00:00,Bengaluru,Jamshedpur,1420.83,01:34,10:30,12:04,5073.99,6E265
109044,1080,premium,Akasa Air,2020-05-23 00:00:00,Amritsar,Kota,2400.03,02:40,22:38,01:18,9672.11,QP4208E
110958,1100,economic,Air India,2021-04-02 00:00:00,Chennai,Dhubri,1759.43,01:57,15:57,17:54,6191.54,AI2709
110988,1100,economic,SpiceJet,2021-04-16 00:00:00,Dhubri,Chennai,1759.43,01:57,11:34,13:31,6161.54,SG447
111026,1101,firstClass,Akasa Air,2020-02-27 00:00:00,Puri,Ludhiana,1589.13,01:45,18:11,19:56,9139.4,QP2428
111083,1101,firstClass,Air India,2020-03-06 00:00:00,Ludhiana,Puri,1589.13,01:45,03:18,05:03,8989.4,AI3616
111398,1104,firstClass,AirAsia India,30/04/2020,Guwahati,Delhi NCR,1472.7,01:38,01:50,03:28,8331.0,I55417
111432,1104,firstClass,GoAir,24/12/2020,Amritsar,Jamshedpur,1485.71,01:39,22:04,23:43,8409.8,G84151V
111460,1104,firstClass,SpiceJet,2020-05-07 00:00:00,Delhi NCR,Guwahati,1472.7,01:38,14:15,15:53,8351.0,SG5855
111482,1104,firstClass,GoAir,2021-01-02 00:00:00,Jamshedpur,Amritsar,1485.71,01:39,04:27,06:06,8409.8,G83695A
111856,1108,premium,Akasa Air,14/05/2020,Hisar,Shillong,6610.02,07:20,21:09,04:29,25784.07,QP4676
111935,1108,premium,IndiGo,18/11/2021,Hisar,Shillong,6610.02,07:20,19:11,02:31,25784.07,6E2699
111957,1108,firstClass,AirAsia India,2021-11-28 00:00:00,Shillong,Hisar,6610.02,07:20,14:56,22:16,35300.1,I54494Z
114470,1139,economic,SpiceJet,2020-02-20 00:00:00,Hisar,Amritsar,4845.36,05:23,10:35,15:58,15882.83,SG5051N
114489,1139,premium,SpiceJet,2020-02-29 00:00:00,Amritsar,Hisar,4845.36,05:23,03:48,09:11,18935.4,SG3059
115062,1145,economic,IndiGo,2021-04-03 00:00:00,Indore,Chennai,1169.26,01:17,10:00,11:17,4281.03,6E1156
115142,1145,premium,IndiGo,2021-04-09 00:00:00,Chennai,Indore,1169.26,01:17,18:45,20:02,5217.24,6E3046
116043,1151,firstClass,IndiGo,2020-08-27 00:00:00,Dabolim,Bhopal,952.21,01:03,01:15,02:18,5597.3,6E5320
116084,1151,premium,Air India,2020-09-10 00:00:00,Bhopal,Dabolim,952.21,01:03,03:09,04:12,4248.06,AI2832H
117261,1162,economic,Akasa Air,2020-11-26 00:00:00,Chandigarh,Diu,1256.47,01:23,00:19,01:42,4556.16,QP975
117306,1162,firstClass,GoAir,2020-12-02 00:00:00,Diu,Chandigarh,1256.47,01:23,18:46,20:09,7403.6,G8377
117350,1163,firstClass,SpiceJet,2020-02-13 00:00:00,Ranchi,Navi Mumbai,1360.83,01:30,19:23,20:53,7961.65,SG5407
117404,1163,premium,Air India,2020-02-26 00:00:00,Navi Mumbai,Ranchi,1360.83,01:30,08:15,09:45,5991.99,AI5550
117586,1165,economic,Akasa Air,31/10/2019,Kullu-Manali,Bhubaneswar,1552.98,01:43,10:49,12:32,5490.69,QP2981
117598,1165,economic,IndiGo,2019-11-03 00:00:00,Bhubaneswar,Kullu-Manali,1552.98,01:43,19:50,21:33,5690.69,6E302
117647,1165,firstClass,Air India,31/12/2020,Kota,Indore,2510.59,02:47,06:25,09:12,14029.2,AI3644
117742,1165,firstClass,GoAir,2021-01-02 00:00:00,Indore,Kota,2510.59,02:47,21:21,00:08,13989.2,G84873
118291,1173,premium,IndiGo,2020-02-13 00:00:00,Udaipur,Navi Mumbai,621.21,00:41,02:54,03:35,2947.06,6E5454M
118377,1173,premium,SpiceJet,2020-02-18 00:00:00,Navi Mumbai,Udaipur,621.21,00:41,17:33,18:14,2967.06,SG2725
119376,1185,economic,SpiceJet,2019-11-21 00:00:00,Bilaspur,Udaipur,905.63,01:00,20:43,21:43,3671.89,SG1798
119429,1185,firstClass,GoAir,2019-11-28 00:00:00,Udaipur,Bilaspur,905.63,01:00,07:37,08:37,5563.15,G85136
120197,1193,economic,Akasa Air,2020-06-02 00:00:00,Chennai,Varanasi,1389.56,01:32,07:28,09:00,5175.68,QP4761
120288,1193,economic,SpiceJet,2020-06-16 00:00:00,Varanasi,Chennai,1389.56,01:32,09:03,10:35,5195.68,SG133Q
120533,1196,premium,SpiceJet,2019-11-21 00:00:00,Bhopal,Itanagar,1684.31,01:52,05:12,07:04,6985.92,SG4893
120639,1196,premium,Air India,2019-12-04 00:00:00,Itanagar,Bhopal,1684.31,01:52,16:24,18:16,7015.92,AI259
121038,1201,premium,IndiGo,2020-09-24 00:00:00,Shillong,Dabolim,2191.49,02:26,20:52,23:18,9083.56,6E3220
121079,1201,premium,IndiGo,2020-10-02 00:00:00,Dabolim,Shillong,2191.49,02:26,21:09,23:35,9083.56,6E3663
121921,1210,premium,Air India,2019-03-10 00:00:00,Chandigarh,Puri,1516.73,01:41,17:59,19:40,6382.93,AI5706I
121931,1210,premium,IndiGo,2019-03-24 00:00:00,Puri,Chandigarh,1516.73,01:41,04:04,05:45,6332.93,6E2812L
122683,1216,firstClass,AirAsia India,2020-12-17 00:00:00,Varanasi,Shillong,891.19,00:59,21:46,22:45,5477.2,I51125X
122697,1216,economic,Akasa Air,2020-12-31 00:00:00,Shillong,Varanasi,891.19,00:59,04:43,05:42,3406.32,QP5129
122817,1218,economic,Air India,2020-06-08 00:00:00,Raigarh,Mumbai,1138.99,01:15,05:13,06:28,4235.72,AI4823
122849,1218,firstClass,SpiceJet,2020-06-22 00:00:00,Mumbai,Raigarh,1138.99,01:15,08:40,09:55,6796.2,SG4450
123139,1220,firstClass,Air India,2021-11-02 00:00:00,Vadodara,Hisar,5262.77,05:50,12:12,18:02,28276.35,AI5705
123210,1220,economic,Air India,2021-11-10 00:00:00,Hisar,Vadodara,5262.77,05:50,19:46,01:36,17425.81,AI5844I
123447,1222,firstClass,Air India,2021-11-03 00:00:00,Pune,Hyderabad,502.79,00:33,14:34,15:07,3287.7,AI5749
123461,1222,firstClass,GoAir,2021-11-15 00:00:00,Hyderabad,Pune,502.79,00:33,17:05,17:38,3247.7,G84999Z
123756,1224,economic,Air India,2020-12-03 00:00:00,Ludhiana,Navi Mumbai,1350.92,01:30,22:46,00:16,4905.26,AI4810
123794,1224,economic,Air India,2020-12-12 00:00:00,Navi Mumbai,Ludhiana,1350.92,01:30,03:02,04:32,4905.26,AI2968
124171,1227,firstClass,IndiGo,2020-07-30 00:00:00,Hisar,Srinagar,4713.89,05:14,00:53,06:07,25346.95,6E5034
124206,1227,firstClass,IndiGo,2020-08-09 00:00:00,Srinagar,Hisar,4713.89,05:14,06:14,11:28,25546.95,6E3318O
126567,1252,economic,IndiGo,2021-10-14 00:00:00,Gwalior,Srinagar,931.43,01:02,23:45,00:47,3533.79,6E2691
126598,1252,economic,IndiGo,2021-10-19 00:00:00,Srinagar,Gwalior,931.43,01:02,06:52,07:54,3733.79,6E776
126673,1253,firstClass,SpiceJet,2020-02-01 00:00:00,Amritsar,Thiruvananthapuram,2581.63,02:52,03:46,06:38,14173.15,SG4144
126804,1253,economic,SpiceJet,2020-02-10 00:00:00,Thiruvananthapuram,Amritsar,2581.63,02:52,11:51,14:43,8751.89,SG3591
127250,1256,firstClass,IndiGo,2021-04-15 00:00:00,Ludhiana,Itanagar,1776.27,01:58,14:03,16:01,9923.85,6E4810
127285,1256,firstClass,GoAir,2021-04-22 00:00:00,Itanagar,Ludhiana,1776.27,01:58,12:43,14:41,9933.85,G85189
127710,1260,economic,Air India,2019-10-31 00:00:00,Udaipur,Bhopal,403.14,00:26,07:46,08:12,2117.92,AI1514
127737,1260,firstClass,AirAsia India,2019-11-09 00:00:00,Bhopal,Udaipur,403.14,00:26,07:23,07:49,2913.2,I5159
128761,1269,premium,Air India,2021-04-02 00:00:00,Jaipur,Dabolim,1298.92,01:26,10:19,11:45,5558.31,AI2610
128763,1269,premium,SpiceJet,2021-04-05 00:00:00,Dabolim,Jaipur,1298.92,01:26,07:36,09:02,5728.31,SG2105
129087,1271,firstClass,Akasa Air,2020-08-20 00:00:00,Srinagar,Kota,2457.81,02:43,09:47,12:30,13700.3,QP323
129103,1271,premium,SpiceJet,2020-09-03 00:00:00,Kota,Srinagar,2457.81,02:43,07:31,10:14,10108.22,SG4798
129209,1272,economic,Akasa Air,2020-07-30 00:00:00,Ranchi,Thiruvananthapuram,1876.95,02:05,06:27,08:32,6712.1,QP1785M
129305,1272,firstClass,AirAsia India,2020-08-08 00:00:00,Thiruvananthapuram,Ranchi,1876.95,02:05,03:13,05:18,10453.5,I54256
130646,1286,firstClass,SpiceJet,25/06/2020,Shimla,Jamshedpur,1283.89,01:25,11:11,12:36,7358.2,SG5097
130650,1286,firstClass,SpiceJet,23/07/2020,Mopa,Srinagar,7566.74,08:24,09:11,17:35,40543.7,SG2830O
130685,1286,firstClass,Air India,2020-07-28 00:00:00,Srinagar,Mopa,7566.74,08:24,17:11,01:35,40373.7,AI1817
130688,1286,premium,Air India,15/04/2021,Chennai,Puducherry,137.25,00:09,09:08,09:17,1368.4,AI3461
130696,1286,firstClass,GoAir,2021-04-26 00:00:00,Puducherry,Chennai,137.25,00:09,19:13,19:22,1530.0,G83301P
130775,1286,firstClass,Air India,2020-06-28 00:00:00,Jamshedpur,Shimla,1283.89,01:25,05:35,07:00,7388.2,AI4199
132421,1305,economic,SpiceJet,2021-04-02 00:00:00,Nashik,Hisar,5465.3,06:04,23:41,05:45,17834.9,SG730
132448,1305,economic,IndiGo,2021-04-10 00:00:00,Hisar,Nashik,5465.3,06:04,01:14,07:18,17814.9,6E5336
132731,1307,firstClass,SpiceJet,2020-05-21 00:00:00,Ranchi,Dhubri,558.25,00:37,22:07,22:44,3550.0,SG900
132739,1307,firstClass,IndiGo,2020-05-24 00:00:00,Dhubri,Ranchi,558.25,00:37,14:23,15:00,3530.0,6E4314
133011,1311,economic,Air India,2020-07-30 00:00:00,Gwalior,Nashik,825.13,00:55,09:03,09:58,3449.14,AI4210
133032,1311,firstClass,AirAsia India,2020-08-03 00:00:00,Nashik,Gwalior,825.13,00:55,07:58,08:53,5131.9,I55664
133492,1315,economic,Akasa Air,2021-06-05 00:00:00,Shimla,Delhi NCR,271.89,00:18,06:52,07:10,1656.17,QP1160I
133540,1315,economic,Akasa Air,2021-06-17 00:00:00,Delhi NCR,Shimla,271.89,00:18,13:48,14:06,1456.17,QP4135
134586,1323,premium,Air India,2021-12-16 00:00:00,Hyderabad,Dehradun,1439.54,01:35,19:57,21:32,6288.84,AI5473
134613,1323,firstClass,Akasa Air,2021-12-30 00:00:00,Dehradun,Hyderabad,1439.54,01:35,22:00,23:35,8153.95,QP1329I
135670,1335,firstClass,IndiGo,2019-11-28 00:00:00,Raigarh,Kota,3289.6,03:39,10:34,14:13,17869.25,6E1467L
135799,1335,premium,Akasa Air,2019-12-06 00:00:00,Kota,Raigarh,3289.6,03:39,22:43,02:22,13033.86,QP2867P
